[
  {"type":"truth","text":"اولین عشق خود را معرفی کن."},
  {"type":"truth","text":"بزرگترین ترس زندگیت چیست؟"},
  {"type":"truth","text":"خجالت‌آورترین خاطره‌ات را تعریف کن."},
  {"type":"truth","text":"آخرین باری که گریه کردی کی بود؟"},
  {"type":"dare","text":"صدای یک حیوان را تقلید کن."},
  {"type":"dare","text":"یک پیام عاشقانه به نفر کناری بفرست."},
  {"type":"dare","text":"طاق باز به مدت ۳۰ ثانیه وایسا."},
  {"type":"dare","text":"یک لطیفه تعریف کن."},
  {"type":"dare","text":"روی پیشانی‌ات چیزی بنویس و عکس بگیر."}
]